[
  {
    "id": "dd312d8d-6742-4de3-aa23-bae9de4d80c0",
    "data": [
      {
        "text": "slack documentation",
        "userDefined": false
      }
    ],
    "isTemplate": false,
    "count": 0
  },
  {
    "id": "394208b6-4f45-422f-a979-bee4dc0485ab",
    "data": [
      {
        "text": "i want to use ",
        "userDefined": false
      },
      {
        "text": "slack",
        "meta": "@sys.ignore",
        "userDefined": false
      }
    ],
    "isTemplate": false,
    "count": 0
  },
  {
    "id": "bb82a8d3-2a8a-4952-a608-77a50bcb9c4c",
    "data": [
      {
        "text": "node",
        "alias": "slackPlatform",
        "meta": "@slackPlatform",
        "userDefined": false
      },
      {
        "text": " with slack",
        "userDefined": false
      }
    ],
    "isTemplate": false,
    "count": 0
  },
  {
    "id": "c03af4c2-8d66-45d3-8090-2e6e3aff6794",
    "data": [
      {
        "text": "botkit",
        "alias": "slackPlatform",
        "meta": "@slackPlatform",
        "userDefined": false
      }
    ],
    "isTemplate": false,
    "count": 0
  },
  {
    "id": "078a850d-d26f-4604-97aa-fe16734037ea",
    "data": [
      {
        "text": "documentation for slack",
        "userDefined": false
      }
    ],
    "isTemplate": false,
    "count": 0
  },
  {
    "id": "c1a54e92-b61b-4aee-b800-f2e71991af60",
    "data": [
      {
        "text": "botkit",
        "alias": "slackPlatform",
        "meta": "@slackPlatform",
        "userDefined": false
      },
      {
        "text": " implementation",
        "userDefined": false
      }
    ],
    "isTemplate": false,
    "count": 0
  },
  {
    "id": "de843b36-8a66-43df-93a7-3354bd6c9457",
    "data": [
      {
        "text": "I am using ",
        "userDefined": false
      },
      {
        "text": "node js",
        "alias": "slackPlatform",
        "meta": "@slackPlatform",
        "userDefined": false
      }
    ],
    "isTemplate": false,
    "count": 0
  },
  {
    "id": "c37224fa-1670-439e-affe-7f14919ec3ab",
    "data": [
      {
        "text": "i use ",
        "userDefined": false
      },
      {
        "text": "slack",
        "meta": "@sys.ignore",
        "userDefined": false
      }
    ],
    "isTemplate": false,
    "count": 0
  },
  {
    "id": "bb890e4e-cb0b-4b62-afa6-7214861e97f1",
    "data": [
      {
        "text": "add ",
        "userDefined": false
      },
      {
        "text": "slack",
        "meta": "@sys.ignore",
        "userDefined": false
      },
      {
        "text": " please",
        "userDefined": false
      }
    ],
    "isTemplate": false,
    "count": 0
  },
  {
    "id": "aa7c50d8-a273-491b-82dc-612a90e834c1",
    "data": [
      {
        "text": "npm",
        "alias": "slackPlatform",
        "meta": "@slackPlatform",
        "userDefined": false
      },
      {
        "text": " with slack",
        "userDefined": false
      }
    ],
    "isTemplate": false,
    "count": 0
  },
  {
    "id": "48d4cd62-4bc8-4ce9-9b8e-9cb5dd00333b",
    "data": [
      {
        "text": "node",
        "alias": "slackPlatform",
        "meta": "@slackPlatform",
        "userDefined": false
      }
    ],
    "isTemplate": false,
    "count": 0
  },
  {
    "id": "77a801b7-51c6-4a0e-a69a-ad36472ff1fb",
    "data": [
      {
        "text": "i want to implement ",
        "userDefined": false
      },
      {
        "text": "slack",
        "meta": "@sys.ignore",
        "userDefined": false
      }
    ],
    "isTemplate": false,
    "count": 0
  },
  {
    "id": "3f5e30bf-f1e5-4408-8d8d-b463324ed83c",
    "data": [
      {
        "text": "slack",
        "userDefined": false
      }
    ],
    "isTemplate": false,
    "count": 0
  },
  {
    "id": "f99ef06e-7e46-4407-b03d-d2d8c2e743e9",
    "data": [
      {
        "text": "I am using ",
        "userDefined": false
      },
      {
        "text": "botkit",
        "alias": "slackPlatform",
        "meta": "@slackPlatform",
        "userDefined": false
      }
    ],
    "isTemplate": false,
    "count": 0
  },
  {
    "id": "27014e1b-d9db-4aae-97e9-1ecf21f16854",
    "data": [
      {
        "text": "use slack",
        "userDefined": false
      }
    ],
    "isTemplate": false,
    "count": 0
  },
  {
    "id": "5f621b58-2728-4597-b32b-6f6a68dd58c9",
    "data": [
      {
        "text": "slack",
        "meta": "@sys.ignore",
        "userDefined": false
      },
      {
        "text": " integration",
        "userDefined": false
      }
    ],
    "isTemplate": false,
    "count": 0
  }
]