[
  {
    "id": "4cf65e20-58dd-4dc7-af78-e47585cd5f3b",
    "data": [
      {
        "text": "not working",
        "alias": "error",
        "meta": "@error",
        "userDefined": false
      }
    ],
    "isTemplate": false,
    "count": 0
  },
  {
    "id": "0697b345-5349-4eb3-9c1d-f9a3898b470c",
    "data": [
      {
        "text": "i can\u0027t",
        "alias": "error",
        "meta": "@error",
        "userDefined": false
      }
    ],
    "isTemplate": false,
    "count": 0
  },
  {
    "id": "464dbe39-d964-4cfc-870d-98704b88144f",
    "data": [
      {
        "text": "error",
        "alias": "error",
        "meta": "@error",
        "userDefined": false
      }
    ],
    "isTemplate": false,
    "count": 0
  },
  {
    "id": "9e038051-a350-4ae9-bb33-9097dd3ef031",
    "data": [
      {
        "text": "issue",
        "alias": "error",
        "meta": "@error",
        "userDefined": false
      }
    ],
    "isTemplate": false,
    "count": 0
  },
  {
    "id": "0c9d75e4-9094-4a0c-a93c-547afcc99c63",
    "data": [
      {
        "text": "i have a ",
        "userDefined": false
      },
      {
        "text": "problem",
        "alias": "error",
        "meta": "@error",
        "userDefined": false
      }
    ],
    "isTemplate": false,
    "count": 0
  },
  {
    "id": "8d3d41a4-62d7-41c1-94d3-16a429c85795",
    "data": [
      {
        "text": "report",
        "alias": "error",
        "meta": "@error",
        "userDefined": false
      }
    ],
    "isTemplate": false,
    "count": 0
  },
  {
    "id": "7a318b74-abd7-4e66-b058-1996a8561578",
    "data": [
      {
        "text": "stuck",
        "alias": "error",
        "meta": "@error",
        "userDefined": false
      }
    ],
    "isTemplate": false,
    "count": 1
  },
  {
    "id": "0473da11-1363-4f04-a66a-636eeb027e78",
    "data": [
      {
        "text": "500",
        "alias": "error",
        "meta": "@error",
        "userDefined": false
      }
    ],
    "isTemplate": false,
    "count": 0
  },
  {
    "id": "63a552ce-669f-4f1d-877f-2c01cf2adfa6",
    "data": [
      {
        "text": "404",
        "alias": "error",
        "meta": "@error",
        "userDefined": false
      }
    ],
    "isTemplate": false,
    "count": 0
  },
  {
    "id": "9126864c-9b8f-4e95-96ad-4a0d96230801",
    "data": [
      {
        "text": "broken",
        "alias": "error",
        "meta": "@error",
        "userDefined": false
      }
    ],
    "isTemplate": false,
    "count": 0
  },
  {
    "id": "3c60317f-eb0c-4283-9844-be2ae1b17db0",
    "data": [
      {
        "text": "bug",
        "alias": "error",
        "meta": "@error",
        "userDefined": false
      }
    ],
    "isTemplate": false,
    "count": 0
  }
]