[
  {
    "id": "bfef144f-be8c-471a-8bdd-78d03aa4780c",
    "data": [
      {
        "text": "What is next",
        "userDefined": false
      }
    ],
    "isTemplate": false,
    "count": 0
  },
  {
    "id": "ccf1b108-ecb9-4a41-ad0c-caa9958a09f1",
    "data": [
      {
        "text": "got it",
        "userDefined": false
      }
    ],
    "isTemplate": false,
    "count": 0
  },
  {
    "id": "d679ab3f-570c-46e1-b2a9-79eb30fb8c5d",
    "data": [
      {
        "text": "I have completed this step",
        "userDefined": false
      }
    ],
    "isTemplate": false,
    "count": 0
  },
  {
    "id": "50a6a538-7ffa-4e02-ac2d-f6194a83ceca",
    "data": [
      {
        "text": "how to proceed",
        "userDefined": false
      }
    ],
    "isTemplate": false,
    "count": 0
  },
  {
    "id": "a926f498-d2e7-4230-b179-42a365714589",
    "data": [
      {
        "text": "okay",
        "userDefined": false
      }
    ],
    "isTemplate": false,
    "count": 1
  },
  {
    "id": "04d4c37c-0be4-48fc-a8cd-dbcfbe0290cb",
    "data": [
      {
        "text": "What do I do next",
        "userDefined": false
      }
    ],
    "isTemplate": false,
    "count": 0
  },
  {
    "id": "d32fa48c-c72b-4143-bc02-7975d744546f",
    "data": [
      {
        "text": "next instruction",
        "userDefined": false
      }
    ],
    "isTemplate": false,
    "count": 0
  },
  {
    "id": "7443be7a-a9a4-42f5-8d60-c268c89a4501",
    "data": [
      {
        "text": "next",
        "userDefined": false
      }
    ],
    "isTemplate": false,
    "count": 1
  },
  {
    "id": "b7f6ef21-3133-4ed9-9f99-08d28cb6e9fc",
    "data": [
      {
        "text": "Show me the next step",
        "userDefined": false
      }
    ],
    "isTemplate": false,
    "count": 0
  },
  {
    "id": "df9a220c-6f1f-44c1-9449-8c523a478882",
    "data": [
      {
        "text": "I\u0027ve completed this step",
        "userDefined": false
      }
    ],
    "isTemplate": false,
    "count": 0
  },
  {
    "id": "1945b171-f2a1-4c0e-95b3-f5d882e267b4",
    "data": [
      {
        "text": "I am done",
        "userDefined": false
      }
    ],
    "isTemplate": false,
    "count": 0
  },
  {
    "id": "60cc23dd-39cb-460c-8742-7650a43fd0fa",
    "data": [
      {
        "text": "I\u0027m done",
        "userDefined": false
      }
    ],
    "isTemplate": false,
    "count": 0
  },
  {
    "id": "eaebc765-3a5c-4a83-9848-f210daf072ad",
    "data": [
      {
        "text": "what\u0027s next",
        "userDefined": false
      }
    ],
    "isTemplate": false,
    "count": 1
  },
  {
    "id": "0a9ac87f-65fd-41ad-b54c-16bbf4850b24",
    "data": [
      {
        "text": "teach me more",
        "userDefined": false
      }
    ],
    "isTemplate": false,
    "count": 0
  },
  {
    "id": "ded01f93-18fa-4bfd-ad13-e4d6ac803ebc",
    "data": [
      {
        "text": "next step",
        "userDefined": false
      }
    ],
    "isTemplate": false,
    "count": 0
  }
]