[
  {
    "id": "cc720c35-afe0-4aac-b6ed-d0e95600dc4d",
    "data": [
      {
        "text": "proceed",
        "userDefined": false
      }
    ],
    "isTemplate": false,
    "count": 0
  },
  {
    "id": "8e47d74a-6f74-4636-91ba-fc0a8b36dac8",
    "data": [
      {
        "text": "ok",
        "userDefined": false
      }
    ],
    "isTemplate": false,
    "count": 0
  },
  {
    "id": "350df97b-67c2-453e-b8a9-8eaa173208c0",
    "data": [
      {
        "text": "continue",
        "userDefined": false
      }
    ],
    "isTemplate": false,
    "count": 0
  },
  {
    "id": "480bbe50-6eae-44ba-8c16-1afbd532543c",
    "data": [
      {
        "text": "what\u0027s next",
        "userDefined": false
      }
    ],
    "isTemplate": false,
    "count": 0
  },
  {
    "id": "bd69550f-8026-4028-bed9-7ac2ca45558b",
    "data": [
      {
        "text": "next",
        "userDefined": false
      }
    ],
    "isTemplate": false,
    "count": 0
  },
  {
    "id": "a99bd46b-36ca-43db-a4f4-996b026df1b4",
    "data": [
      {
        "text": "got it",
        "userDefined": false
      }
    ],
    "isTemplate": false,
    "count": 0
  },
  {
    "id": "d2d4950b-6d33-404c-9d71-fa8deb1149c5",
    "data": [
      {
        "text": "next step",
        "userDefined": false
      }
    ],
    "isTemplate": false,
    "count": 0
  },
  {
    "id": "ec36eb50-9505-439e-ae43-4fb69eccf974",
    "data": [
      {
        "text": "okay",
        "userDefined": false
      }
    ],
    "isTemplate": false,
    "count": 0
  },
  {
    "id": "a4e7800f-fa3e-481b-bba6-28fc2c372888",
    "data": [
      {
        "text": "done",
        "userDefined": false
      }
    ],
    "isTemplate": false,
    "count": 0
  },
  {
    "id": "fef8f556-2fa1-489e-a259-0acd91418323",
    "data": [
      {
        "text": "show me the next step",
        "userDefined": false
      }
    ],
    "isTemplate": false,
    "count": 0
  }
]